0,IS A <SET>MAMMAL</SET> A MAMMAL,*,*,Yes,ontology.Vinay.aiml
0,IS A * A MAMMAL,*,*,unknown,ontology.Vinay.aiml
0,IS A <SET>BIRD</SET> A BIRD,*,*,Yes,ontology.Vinay.aiml
0,IS A * A BIRD,*,*,unknown,ontology.Vinay.aiml
0,DOES A <SET>MAMMAL</SET> HAVE <SET>MAMMALFEATURE</SET>,*,*,Yes,ontology.Vinay.aiml
0,DOES A <SET>MAMMAL</SET> HAVE *,*,*,unknown,ontology.Vinay.aiml
0,DOES A <SET>BIRD</SET> HAVE <SET>BIRDFEATURE</SET>,*,*,Yes,ontology.Vinay.aiml
0,DOES A <SET>BIRD</SET> HAVE *,*,*,unknown,ontology.Vinay.aiml
